addends,bit,errorrate
10,5,0.2965336
10,5,0.213798947368421
10,5,0.37411818181818185
10,5,0.312252030075188
10,5,0.23020799999999994
10,5,0.23144159999999997
10,5,0.18691639097744356
10,5,0.14719559999999998
10,6,0.1480327485380117
10,6,0.33373909774436084
10,6,0.14506700000000003
10,6,0.256454375
10,6,0.20765733333333333
10,6,0.2271983709273184
10,6,0.19503741666666666
10,6,0.1496060606060606
